{
  "acc": 0.9333333333333333,
  "f1_weighted": 0.9281818181818182,
  "f1_macro": 0.9181818181818183,
  "report": {
    "move_forward": {
      "precision": 0.9130434782608695,
      "recall": 1.0,
      "f1-score": 0.9545454545454546,
      "support": 21.0
    },
    "move_left": {
      "precision": 1.0,
      "recall": 0.6666666666666666,
      "f1-score": 0.8,
      "support": 6.0
    },
    "move_right": {
      "precision": 1.0,
      "recall": 1.0,
      "f1-score": 1.0,
      "support": 3.0
    },
    "accuracy": 0.9333333333333333,
    "macro avg": {
      "precision": 0.9710144927536232,
      "recall": 0.8888888888888888,
      "f1-score": 0.9181818181818183,
      "support": 30.0
    },
    "weighted avg": {
      "precision": 0.9391304347826086,
      "recall": 0.9333333333333333,
      "f1-score": 0.9281818181818182,
      "support": 30.0
    }
  },
  "cm_path": "reports/figures/test_RandomForest_confusion.png"
}